{"cameraMode":{"drawMode":0,"name":"Shaded","section":"Shading Mode"},"sceneLighting":false,"audioPlay":false,"sceneViewState":{"showFog":true,"showMaterialUpdate":false,"showSkybox":false,"showFlares":true,"showImageEffects":true,"showParticleSystems":true},"in2DMode":false,"pivot":{"x":627.4000244140625,"y":324.7012023925781,"z":0.0},"rotation":{"x":-0.007800096645951271,"y":0.006377710960805416,"z":-0.00016666681040078402,"w":-1.0000542402267457},"size":103.24168395996094,"orthographic":false}