{"cameraMode":{"drawMode":0,"name":"Shaded","section":"Shading Mode"},"sceneLighting":true,"audioPlay":false,"sceneViewState":{"showFog":true,"showMaterialUpdate":false,"showSkybox":true,"showFlares":true,"showImageEffects":true,"showParticleSystems":true},"in2DMode":false,"pivot":{"x":-19.390453338623048,"y":0.7641305327415466,"z":-83.9070816040039},"rotation":{"x":0.5599316954612732,"y":0.010385427623987198,"z":-0.007065050769597292,"w":0.8285413384437561},"size":6.136220455169678,"orthographic":false}