{"cameraMode":{"drawMode":0,"name":"Shaded","section":"Shading Mode"},"sceneLighting":false,"audioPlay":false,"sceneViewState":{"showFog":true,"showMaterialUpdate":false,"showSkybox":false,"showFlares":true,"showImageEffects":true,"showParticleSystems":true},"in2DMode":false,"pivot":{"x":0.15238606929779054,"y":3.6063618659973146,"z":0.11975812911987305},"rotation":{"x":0.23736444115638734,"y":-0.05160144343972206,"z":0.012673288583755494,"w":0.9699954390525818},"size":3.279402732849121,"orthographic":false}