{"cameraMode":{"drawMode":0,"name":"Shaded","section":"Shading Mode"},"sceneLighting":false,"audioPlay":false,"sceneViewState":{"showFog":true,"showMaterialUpdate":false,"showSkybox":false,"showFlares":true,"showImageEffects":true,"showParticleSystems":true},"in2DMode":false,"pivot":{"x":3737.7353515625,"y":-5197.708984375,"z":-6.438588619232178},"rotation":{"x":-0.11973714828491211,"y":0.7266709804534912,"z":-0.13110561668872834,"w":-0.6636499762535095},"size":2.0615527629852297,"orthographic":false}