{"cameraMode":{"drawMode":0,"name":"Shaded","section":"Shading Mode"},"sceneLighting":false,"audioPlay":false,"sceneViewState":{"showFog":true,"showMaterialUpdate":false,"showSkybox":false,"showFlares":true,"showImageEffects":true,"showParticleSystems":true},"in2DMode":false,"pivot":{"x":3736.66455078125,"y":-5195.4345703125,"z":-6.1114373207092289},"rotation":{"x":0.06334148347377777,"y":0.7065654993057251,"z":0.06376520544290543,"w":-0.7019220590591431},"size":2.0615527629852297,"orthographic":false}